Timestamp, Latitude, Longitude, Heading,Cyclops bureau,
2024-10-10 15:45:04.945, 44.65906740, -1.19432548, 20.1,,
2024-10-10 15:45:05.045, 44.65906740, -1.19432548, 20.1,0.0000,
2024-10-10 15:45:05.145, 44.65906740, -1.19432548, 20.1,0.0000,
2024-10-10 15:45:05.244, 44.65906740, -1.19432548, 20.1,0.0000,
2024-10-10 15:45:05.344, 44.65906740, -1.19432548, 20.1,0.0000,
2024-10-10 15:45:05.445, 44.65906740, -1.19432548, 20.1,0.0000,
2024-10-10 15:45:05.545, 44.65906740, -1.19432548, 20.1,0.0000,
2024-10-10 15:45:05.645, 44.65906740, -1.19432548, 20.1,0.0000,
2024-10-10 15:45:05.744, 44.65906740, -1.19432548, 20.1,0.0000,
2024-10-10 15:45:05.844, 44.65906740, -1.19432548, 20.1,0.0000,
2024-10-10 15:45:05.945, 44.65906740, -1.19432548, 20.1,0.0000,
2024-10-10 15:45:06.045, 44.65906740, -1.19432548, 20.1,0.0000,
2024-10-10 15:45:06.145, 44.65906740, -1.19432548, 20.1,0.0000,
2024-10-10 15:45:06.244, 44.65906740, -1.19432548, 20.1,0.0000,
2024-10-10 15:45:06.344, 44.65906740, -1.19432548, 20.1,0.0000,
2024-10-10 15:45:06.445, 44.65905113, -1.19432138, 32.8,0.0000,
2024-10-10 15:45:06.545, 44.65905113, -1.19432138, 32.8,0.0000,
2024-10-10 15:45:06.645, 44.65905113, -1.19432138, 32.8,0.0000,
2024-10-10 15:45:06.744, 44.65905113, -1.19432138, 32.8,0.0000,
2024-10-10 15:45:06.844, 44.65905113, -1.19432138, 32.8,0.0000,
2024-10-10 15:45:06.945, 44.65905113, -1.19432138, 32.8,0.0000,
2024-10-10 15:45:07.045, 44.65905113, -1.19432138, 32.8,0.0000,
2024-10-10 15:45:07.145, 44.65905113, -1.19432138, 32.8,0.0000,
2024-10-10 15:45:07.244, 44.65905113, -1.19432138, 32.8,0.0000,
2024-10-10 15:45:07.344, 44.65905113, -1.19432138, 32.8,0.0000,
2024-10-10 15:45:07.445, 44.65905113, -1.19432138, 32.8,0.0000,
2024-10-10 15:45:07.545, 44.65905113, -1.19432138, 32.8,0.0000,
2024-10-10 15:45:07.645, 44.65905113, -1.19432138, 32.8,0.0000,
2024-10-10 15:45:07.744, 44.65905113, -1.19432138, 32.8,0.0000,
2024-10-10 15:45:07.844, 44.65905113, -1.19432138, 32.8,0.0000,
2024-10-10 15:45:07.945, 44.65905113, -1.19432138, 32.8,0.0000,
2024-10-10 15:45:08.045, 44.65905113, -1.19432138, 32.8,0.0000,
2024-10-10 15:45:08.145, 44.65905113, -1.19432138, 32.8,0.0000,
2024-10-10 15:45:08.244, 44.65905113, -1.19432138, 32.8,0.0000,
2024-10-10 15:45:08.344, 44.65905113, -1.19432138, 32.8,0.0000,
2024-10-10 15:45:08.445, 44.65905113, -1.19432138, 32.8,0.0000,
2024-10-10 15:45:08.545, 44.65906432, -1.19434527, 30.5,0.0000,
2024-10-10 15:45:08.645, 44.65906432, -1.19434527, 30.5,0.0000,
2024-10-10 15:45:08.744, 44.65906432, -1.19434527, 30.5,0.0000,
2024-10-10 15:45:08.844, 44.65906432, -1.19434527, 30.5,0.0000,
2024-10-10 15:45:08.945, 44.65906432, -1.19434527, 30.5,0.0000,
2024-10-10 15:45:09.045, 44.65906432, -1.19434527, 30.5,0.0000,
2024-10-10 15:45:09.145, 44.65906432, -1.19434527, 30.5,0.0000,
2024-10-10 15:45:09.244, 44.65906432, -1.19434527, 30.5,0.0000,
2024-10-10 15:45:09.344, 44.65906432, -1.19434527, 30.5,0.0000,
2024-10-10 15:45:09.445, 44.65906432, -1.19434527, 30.5,0.0000,
2024-10-10 15:45:09.545, 44.65906432, -1.19434527, 30.5,0.0000,
2024-10-10 15:45:09.645, 44.65907189, -1.19433357, 32.8,0.0000,
2024-10-10 15:45:09.744, 44.65907189, -1.19433357, 32.8,0.0000,
2024-10-10 15:45:09.844, 44.65907189, -1.19433357, 32.8,0.0000,
2024-10-10 15:45:09.945, 44.65907189, -1.19433357, 32.8,0.0000,
2024-10-10 15:45:10.045, 44.65907189, -1.19433357, 32.8,0.0000,
2024-10-10 15:45:10.145, 44.65907189, -1.19433357, 32.8,0.0000,
2024-10-10 15:45:10.244, 44.65907189, -1.19433357, 32.8,0.0000,
2024-10-10 15:45:10.344, 44.65907189, -1.19433357, 32.8,0.0000,
2024-10-10 15:45:10.445, 44.65907189, -1.19433357, 32.8,0.0000,
2024-10-10 15:45:10.545, 44.65906419, -1.19433204, 41.6,0.0000,
2024-10-10 15:45:10.645, 44.65906419, -1.19433204, 41.6,0.0000,
2024-10-10 15:45:10.744, 44.65906419, -1.19433204, 41.6,0.0000,
2024-10-10 15:45:10.844, 44.65906419, -1.19433204, 41.6,0.0000,
2024-10-10 15:45:10.945, 44.65906419, -1.19433204, 41.6,0.0000,
2024-10-10 15:45:11.045, 44.65906419, -1.19433204, 41.6,0.0000,
2024-10-10 15:45:11.145, 44.65906419, -1.19433204, 41.6,0.0000,
2024-10-10 15:45:11.244, 44.65906419, -1.19433204, 41.6,0.0000,
2024-10-10 15:45:11.344, 44.65906419, -1.19433204, 41.6,0.0000,
2024-10-10 15:45:11.445, 44.65906419, -1.19433204, 41.6,0.0000,
2024-10-10 15:45:11.545, 44.65906610, -1.19432824, 41.6,0.0000,
2024-10-10 15:45:11.645, 44.65906610, -1.19432824, 41.6,0.0000,
2024-10-10 15:45:11.744, 44.65906610, -1.19432824, 41.6,0.0000,
2024-10-10 15:45:11.844, 44.65906610, -1.19432824, 41.6,0.0000,
2024-10-10 15:45:11.945, 44.65906610, -1.19432824, 41.6,0.0000,
2024-10-10 15:45:12.045, 44.65906610, -1.19432824, 41.6,0.0000,
2024-10-10 15:45:12.145, 44.65906610, -1.19432824, 41.6,0.0000,
2024-10-10 15:45:12.244, 44.65906610, -1.19432824, 41.6,0.0000,
2024-10-10 15:45:12.344, 44.65906610, -1.19432824, 41.6,0.0000,
2024-10-10 15:45:12.445, 44.65907121, -1.19433214, 33.3,0.0000,
2024-10-10 15:45:12.545, 44.65907121, -1.19433214, 33.3,0.0000,
2024-10-10 15:45:12.645, 44.65907121, -1.19433214, 33.3,0.0000,
2024-10-10 15:45:12.744, 44.65907121, -1.19433214, 33.3,0.0000,
2024-10-10 15:45:12.844, 44.65907121, -1.19433214, 33.3,0.0000,
2024-10-10 15:45:12.945, 44.65907121, -1.19433214, 33.3,0.0000,
2024-10-10 15:45:13.045, 44.65907121, -1.19433214, 33.3,0.0000,
2024-10-10 15:45:13.145, 44.65907121, -1.19433214, 33.3,0.0000,
2024-10-10 15:45:13.244, 44.65907121, -1.19433214, 33.3,0.0000,
2024-10-10 15:45:13.344, 44.65907121, -1.19433214, 33.3,0.0000,
2024-10-10 15:45:13.445, 44.65907251, -1.19432530, 52.2,0.0000,
2024-10-10 15:45:13.545, 44.65907251, -1.19432530, 52.2,0.0000,
2024-10-10 15:45:13.645, 44.65907251, -1.19432530, 52.2,0.0000,
2024-10-10 15:45:13.744, 44.65907251, -1.19432530, 52.2,0.0000,
2024-10-10 15:45:13.844, 44.65907251, -1.19432530, 52.2,0.0000,
2024-10-10 15:45:13.945, 44.65907251, -1.19432530, 52.2,0.0000,
2024-10-10 15:45:14.045, 44.65907251, -1.19432530, 52.2,0.0000,
2024-10-10 15:45:14.145, 44.65907251, -1.19432530, 52.2,0.0000,
2024-10-10 15:45:14.244, 44.65907251, -1.19432530, 52.2,0.0000,
2024-10-10 15:45:14.344, 44.65907251, -1.19432530, 47.0,0.0000,
2024-10-10 15:45:14.445, 44.65907251, -1.19432530, 47.0,0.0000,
2024-10-10 15:45:14.545, 44.65907251, -1.19432530, 47.0,0.0000,
2024-10-10 15:45:14.645, 44.65907251, -1.19432530, 47.0,0.0000,
2024-10-10 15:45:14.744, 44.65907251, -1.19432530, 47.0,0.0000,
2024-10-10 15:45:14.844, 44.65907251, -1.19432530, 47.0,0.0000,
2024-10-10 15:45:14.943, 44.65907626, -1.19431809, 47.0,0.0000,
2024-10-10 15:45:15.043, 44.65907626, -1.19431809, 47.0,0.0000,
2024-10-10 15:45:15.144, 44.65907626, -1.19431809, 47.0,0.0000,
2024-10-10 15:45:15.243, 44.65907626, -1.19431809, 47.0,0.0000,
2024-10-10 15:45:15.343, 44.65907265, -1.19431980, 43.6,0.0000,
2024-10-10 15:45:15.443, 44.65907265, -1.19431980, 43.6,0.0000,
2024-10-10 15:45:15.543, 44.65907265, -1.19431980, 43.6,0.0000,
2024-10-10 15:45:15.644, 44.65907265, -1.19431980, 43.6,0.0000,
2024-10-10 15:45:15.743, 44.65907265, -1.19431980, 43.6,0.0000,
2024-10-10 15:45:15.843, 44.65907265, -1.19431980, 43.6,0.0000,
2024-10-10 15:45:15.943, 44.65907265, -1.19431980, 43.6,0.0000,
2024-10-10 15:45:16.043, 44.65907265, -1.19431980, 43.6,0.0000,
2024-10-10 15:45:16.144, 44.65907265, -1.19431980, 43.6,0.0000,
2024-10-10 15:45:16.243, 44.65906863, -1.19432093, 42.2,0.0000,
2024-10-10 15:45:16.343, 44.65906863, -1.19432093, 42.2,0.0000,
2024-10-10 15:45:16.443, 44.65906863, -1.19432093, 42.2,0.0000,
2024-10-10 15:45:16.543, 44.65906863, -1.19432093, 42.2,0.0000,
2024-10-10 15:45:16.644, 44.65906863, -1.19432093, 42.2,0.0000,
2024-10-10 15:45:16.743, 44.65906863, -1.19432093, 42.2,0.0000,
2024-10-10 15:45:16.843, 44.65906863, -1.19432093, 42.2,0.0000,
2024-10-10 15:45:16.943, 44.65906863, -1.19432093, 42.2,0.0000,
2024-10-10 15:45:17.043, 44.65906863, -1.19432093, 42.2,0.0000,
2024-10-10 15:45:17.144, 44.65906863, -1.19432093, 42.2,0.0000,
2024-10-10 15:45:17.243, 44.65907243, -1.19432246, 38.2,0.0000,
2024-10-10 15:45:17.343, 44.65907243, -1.19432246, 38.2,0.0000,
2024-10-10 15:45:17.443, 44.65907243, -1.19432246, 38.2,0.0000,
2024-10-10 15:45:17.543, 44.65907243, -1.19432246, 38.2,0.0000,
2024-10-10 15:45:17.644, 44.65907243, -1.19432246, 38.2,0.0000,
2024-10-10 15:45:17.743, 44.65907243, -1.19432246, 38.2,0.0000,
2024-10-10 15:45:17.843, 44.65907243, -1.19432246, 38.2,0.0000,
2024-10-10 15:45:17.943, 44.65907243, -1.19432246, 38.2,0.0000,
2024-10-10 15:45:18.043, 44.65907243, -1.19432246, 38.2,0.0000,
2024-10-10 15:45:18.144, 44.65907243, -1.19432246, 38.2,0.0000,
2024-10-10 15:45:18.243, 44.65907293, -1.19432118, 52.2,0.0000,
2024-10-10 15:45:18.343, 44.65907293, -1.19432118, 52.2,0.0000,
2024-10-10 15:45:18.443, 44.65907293, -1.19432118, 52.2,0.0000,
2024-10-10 15:45:18.543, 44.65907293, -1.19432118, 52.2,0.0000,
2024-10-10 15:45:18.644, 44.65907293, -1.19432118, 52.2,0.0000,
2024-10-10 15:45:18.743, 44.65907293, -1.19432118, 52.2,0.0000,
2024-10-10 15:45:18.843, 44.65907293, -1.19432118, 52.2,0.0000,
2024-10-10 15:45:18.943, 44.65907293, -1.19432118, 52.2,0.0000,
2024-10-10 15:45:19.043, 44.65907293, -1.19432118, 52.2,0.0000,
2024-10-10 15:45:19.144, 44.65907293, -1.19432118, 52.2,0.0000,
2024-10-10 15:45:19.243, 44.65907204, -1.19431594, 13.2,0.0000,
2024-10-10 15:45:19.343, 44.65907204, -1.19431594, 13.2,0.0000,
2024-10-10 15:45:19.443, 44.65907204, -1.19431594, 13.2,0.0000,
2024-10-10 15:45:19.543, 44.65907204, -1.19431594, 13.2,0.0000,
2024-10-10 15:45:19.644, 44.65907204, -1.19431594, 13.2,0.0000,
2024-10-10 15:45:19.743, 44.65907204, -1.19431594, 13.2,0.0000,
2024-10-10 15:45:19.843, 44.65907204, -1.19431594, 13.2,0.0000,
2024-10-10 15:45:19.943, 44.65907204, -1.19431594, 13.2,0.0000,
2024-10-10 15:45:20.043, 44.65907204, -1.19431594, 13.2,0.0000,
2024-10-10 15:45:20.144, 44.65907204, -1.19431594, 13.2,0.0000,
2024-10-10 15:45:20.243, 44.65907204, -1.19431594, 25.0,0.0000,
2024-10-10 15:45:20.343, 44.65907204, -1.19431594, 25.0,0.0000,
2024-10-10 15:45:20.443, 44.65907204, -1.19431594, 25.0,0.0000,
2024-10-10 15:45:20.543, 44.65907204, -1.19431594, 25.0,0.0000,
2024-10-10 15:45:20.644, 44.65907204, -1.19431594, 25.0,0.0000,
2024-10-10 15:45:20.743, 44.65907204, -1.19431594, 25.0,0.0000,
2024-10-10 15:45:20.843, 44.65907204, -1.19431594, 25.0,0.0000,
2024-10-10 15:45:20.943, 44.65907204, -1.19431594, 25.0,0.0000,
2024-10-10 15:45:21.043, 44.65907204, -1.19431594, 25.0,0.0000,
2024-10-10 15:45:21.144, 44.65907204, -1.19431594, 25.0,0.0000,
2024-10-10 15:45:21.243, 44.65907716, -1.19431847, 32.0,0.0000,
2024-10-10 15:45:21.343, 44.65907716, -1.19431847, 32.0,0.0000,
2024-10-10 15:45:21.443, 44.65907716, -1.19431847, 32.0,0.0000,
2024-10-10 15:45:21.543, 44.65907716, -1.19431847, 32.0,0.0000,
2024-10-10 15:45:21.644, 44.65907716, -1.19431847, 32.0,0.0000,
2024-10-10 15:45:21.743, 44.65907716, -1.19431847, 32.0,0.0000,
2024-10-10 15:45:21.843, 44.65907716, -1.19431847, 32.0,0.0000,
2024-10-10 15:45:21.943, 44.65907716, -1.19431847, 32.0,0.0000,
2024-10-10 15:45:22.043, 44.65907716, -1.19431847, 32.0,0.0000,
2024-10-10 15:45:22.144, 44.65907716, -1.19431847, 32.0,0.0000,
2024-10-10 15:45:22.243, 44.65907739, -1.19432185, 58.3,0.0000,
2024-10-10 15:45:22.343, 44.65907739, -1.19432185, 58.3,0.0000,
2024-10-10 15:45:22.443, 44.65907739, -1.19432185, 58.3,0.0000,
2024-10-10 15:45:22.543, 44.65907739, -1.19432185, 58.3,0.0000,
2024-10-10 15:45:22.644, 44.65907739, -1.19432185, 58.3,0.0000,
2024-10-10 15:45:22.743, 44.65907739, -1.19432185, 58.3,0.0000,
2024-10-10 15:45:22.843, 44.65907739, -1.19432185, 58.3,0.0000,
2024-10-10 15:45:22.943, 44.65907739, -1.19432185, 58.3,0.0000,
2024-10-10 15:45:23.043, 44.65907739, -1.19432185, 58.3,0.0000,
2024-10-10 15:45:23.144, 44.65907739, -1.19432185, 58.3,0.0000,
2024-10-10 15:45:23.243, 44.65907498, -1.19432368, 59.8,0.0000,
2024-10-10 15:45:23.343, 44.65907498, -1.19432368, 59.8,0.0000,
2024-10-10 15:45:23.443, 44.65907498, -1.19432368, 59.8,0.0000,
2024-10-10 15:45:23.543, 44.65907498, -1.19432368, 59.8,0.0000,
2024-10-10 15:45:23.644, 44.65907498, -1.19432368, 59.8,0.0000,
2024-10-10 15:45:23.743, 44.65907498, -1.19432368, 59.8,0.0000,
2024-10-10 15:45:23.843, 44.65907498, -1.19432368, 59.8,0.0000,
2024-10-10 15:45:23.943, 44.65907498, -1.19432368, 59.8,0.0000,
2024-10-10 15:45:24.043, 44.65907498, -1.19432368, 59.8,0.0000,
2024-10-10 15:45:24.144, 44.65907498, -1.19432368, 59.8,0.0000,
2024-10-10 15:45:24.243, 44.65907498, -1.19432368, 58.7,0.0000,
2024-10-10 15:45:24.343, 44.65907484, -1.19432725, 58.7,0.0000,
2024-10-10 15:45:24.443, 44.65907484, -1.19432725, 58.7,0.0000,
2024-10-10 15:45:24.543, 44.65907484, -1.19432725, 58.7,0.0000,
2024-10-10 15:45:24.643, 44.65907484, -1.19432725, 58.7,0.0000,
2024-10-10 15:45:24.743, 44.65907484, -1.19432725, 58.7,0.0000,
2024-10-10 15:45:24.843, 44.65907484, -1.19432725, 58.7,0.0000,
2024-10-10 15:45:24.943, 44.65907484, -1.19432725, 58.7,0.0000,
2024-10-10 15:45:25.043, 44.65907484, -1.19432725, 58.7,0.0000,
2024-10-10 15:45:25.143, 44.65907484, -1.19432725, 58.7,0.0000,
2024-10-10 15:45:25.243, 44.65907530, -1.19432547, 58.7,0.0000,
2024-10-10 15:45:25.343, 44.65907530, -1.19432547, 58.7,0.0000,
2024-10-10 15:45:25.443, 44.65907530, -1.19432547, 58.7,0.0000,
2024-10-10 15:45:25.543, 44.65907530, -1.19432547, 58.7,0.0000,
2024-10-10 15:45:25.643, 44.65907530, -1.19432547, 58.7,0.0000,
2024-10-10 15:45:25.743, 44.65907530, -1.19432547, 58.7,0.0000,
2024-10-10 15:45:25.843, 44.65907530, -1.19432547, 58.7,0.0000,
2024-10-10 15:45:25.943, 44.65907530, -1.19432547, 58.7,0.0000,
2024-10-10 15:45:26.043, 44.65907530, -1.19432547, 58.7,0.0000,
2024-10-10 15:45:26.143, 44.65907530, -1.19432547, 58.7,0.0000,
2024-10-10 15:45:26.243, 44.65907530, -1.19432547, 59.8,0.0000,
2024-10-10 15:45:26.343, 44.65907530, -1.19432547, 59.8,0.0000,
2024-10-10 15:45:26.443, 44.65907530, -1.19432547, 59.8,0.0000,
2024-10-10 15:45:26.543, 44.65907530, -1.19432547, 59.8,0.0000,
2024-10-10 15:45:26.643, 44.65907530, -1.19432547, 59.8,0.0000,
2024-10-10 15:45:26.743, 44.65907530, -1.19432547, 59.8,0.0000,
2024-10-10 15:45:26.843, 44.65907530, -1.19432547, 59.8,0.0000,
2024-10-10 15:45:26.943, 44.65907530, -1.19432547, 59.8,0.0000,
2024-10-10 15:45:27.043, 44.65907530, -1.19432547, 59.8,0.0000,
2024-10-10 15:45:27.143, 44.65907530, -1.19432547, 59.8,0.0000,
2024-10-10 15:45:27.243, 44.65907158, -1.19432961, 58.8,0.0000,
2024-10-10 15:45:27.343, 44.65907158, -1.19432961, 58.8,0.0000,
2024-10-10 15:45:27.443, 44.65907158, -1.19432961, 58.8,0.0000,
2024-10-10 15:45:27.543, 44.65907158, -1.19432961, 58.8,0.0000,
2024-10-10 15:45:27.643, 44.65907158, -1.19432961, 58.8,0.0000,
2024-10-10 15:45:27.743, 44.65907158, -1.19432961, 58.8,0.0000,
2024-10-10 15:45:27.843, 44.65907158, -1.19432961, 58.8,0.0000,
2024-10-10 15:45:27.943, 44.65907158, -1.19432961, 58.8,0.0000,
2024-10-10 15:45:28.043, 44.65907158, -1.19432961, 58.8,0.0000,
2024-10-10 15:45:28.143, 44.65907158, -1.19432961, 58.8,0.0000,
2024-10-10 15:45:28.243, 44.65907077, -1.19432676, 56.5,0.0000,
2024-10-10 15:45:28.343, 44.65907077, -1.19432676, 56.5,0.0000,
2024-10-10 15:45:28.443, 44.65907077, -1.19432676, 56.5,0.0000,
2024-10-10 15:45:28.543, 44.65907077, -1.19432676, 56.5,0.0000,
2024-10-10 15:45:28.643, 44.65907077, -1.19432676, 56.5,0.0000,
2024-10-10 15:45:28.743, 44.65907077, -1.19432676, 56.5,0.0000,
2024-10-10 15:45:28.843, 44.65907077, -1.19432676, 56.5,0.0000,
2024-10-10 15:45:28.943, 44.65907077, -1.19432676, 56.5,0.0000,
2024-10-10 15:45:29.043, 44.65907077, -1.19432676, 56.5,0.0000,
2024-10-10 15:45:29.143, 44.65907077, -1.19432676, 56.5,0.0000,
2024-10-10 15:45:29.243, 44.65906942, -1.19432594, 51.2,0.0000,
2024-10-10 15:45:29.343, 44.65906942, -1.19432594, 51.2,0.0000,
2024-10-10 15:45:29.443, 44.65906942, -1.19432594, 51.2,0.0000,
2024-10-10 15:45:29.543, 44.65906942, -1.19432594, 51.2,0.0000,
2024-10-10 15:45:29.643, 44.65906942, -1.19432594, 51.2,0.0000,
2024-10-10 15:45:29.743, 44.65906942, -1.19432594, 51.2,0.0000,
2024-10-10 15:45:29.843, 44.65906942, -1.19432594, 51.2,0.0000,
2024-10-10 15:45:29.943, 44.65906942, -1.19432594, 51.2,0.0000,
2024-10-10 15:45:30.043, 44.65906942, -1.19432594, 51.2,0.0000,
2024-10-10 15:45:30.143, 44.65906942, -1.19432594, 51.2,0.0000,
2024-10-10 15:45:30.243, 44.65906964, -1.19432777, 50.0,0.0000,
2024-10-10 15:45:30.343, 44.65906964, -1.19432777, 50.0,0.0000,
2024-10-10 15:45:30.443, 44.65906964, -1.19432777, 50.0,0.0000,
2024-10-10 15:45:30.543, 44.65906964, -1.19432777, 50.0,0.0000,
2024-10-10 15:45:30.643, 44.65906964, -1.19432777, 50.0,0.0000,
2024-10-10 15:45:30.743, 44.65906964, -1.19432777, 50.0,0.0000,
2024-10-10 15:45:30.843, 44.65906964, -1.19432777, 50.0,0.0000,
2024-10-10 15:45:30.943, 44.65906964, -1.19432777, 50.0,0.0000,
2024-10-10 15:45:31.043, 44.65906964, -1.19432777, 50.0,0.0000,
2024-10-10 15:45:31.143, 44.65906964, -1.19432777, 50.0,0.0000,
2024-10-10 15:45:31.243, 44.65907177, -1.19432907, 50.0,0.0000,
2024-10-10 15:45:31.343, 44.65907177, -1.19432907, 50.0,0.0000,
2024-10-10 15:45:31.443, 44.65907177, -1.19432907, 50.0,0.0000,
2024-10-10 15:45:31.543, 44.65907177, -1.19432907, 50.0,0.0000,
2024-10-10 15:45:31.643, 44.65907177, -1.19432907, 50.0,0.0000,
2024-10-10 15:45:31.743, 44.65907177, -1.19432907, 50.0,0.0000,
2024-10-10 15:45:31.843, 44.65907177, -1.19432907, 50.0,0.0000,
2024-10-10 15:45:31.943, 44.65907177, -1.19432907, 50.0,0.0000,
2024-10-10 15:45:32.043, 44.65907177, -1.19432907, 50.0,0.0000,
2024-10-10 15:45:32.143, 44.65907177, -1.19432907, 50.0,0.0000,
2024-10-10 15:45:32.243, 44.65906848, -1.19433066, 51.0,0.0000,
2024-10-10 15:45:32.343, 44.65906848, -1.19433066, 51.0,0.0000,
2024-10-10 15:45:32.443, 44.65906848, -1.19433066, 51.0,0.0000,
2024-10-10 15:45:32.543, 44.65906848, -1.19433066, 51.0,0.0000,
2024-10-10 15:45:32.643, 44.65906848, -1.19433066, 51.0,0.0000,
2024-10-10 15:45:32.743, 44.65906848, -1.19433066, 51.0,0.0000,
2024-10-10 15:45:32.843, 44.65906848, -1.19433066, 51.0,0.0000,
2024-10-10 15:45:32.943, 44.65906848, -1.19433066, 51.0,0.0000,
2024-10-10 15:45:33.043, 44.65906848, -1.19433066, 51.0,0.0000,
2024-10-10 15:45:33.143, 44.65906848, -1.19433066, 51.0,0.0000,
2024-10-10 15:45:33.243, 44.65907096, -1.19432405, 47.9,0.0000,
2024-10-10 15:45:33.343, 44.65907096, -1.19432405, 47.9,0.0000,
2024-10-10 15:45:33.443, 44.65907096, -1.19432405, 47.9,0.0000,
2024-10-10 15:45:33.543, 44.65907096, -1.19432405, 47.9,0.0000,
2024-10-10 15:45:33.643, 44.65907096, -1.19432405, 47.9,0.0000,
2024-10-10 15:45:33.743, 44.65907096, -1.19432405, 47.9,0.0000,
2024-10-10 15:45:33.843, 44.65907096, -1.19432405, 47.9,0.0000,
2024-10-10 15:45:33.943, 44.65907096, -1.19432405, 47.9,0.0000,
2024-10-10 15:45:34.043, 44.65907096, -1.19432405, 47.9,0.0000,
2024-10-10 15:45:34.143, 44.65907096, -1.19432405, 47.9,0.0000,
2024-10-10 15:45:34.242, 44.65907034, -1.19432191, 47.9,0.0000,
2024-10-10 15:45:34.343, 44.65907034, -1.19432191, 47.9,0.0000,
2024-10-10 15:45:34.443, 44.65907034, -1.19432191, 47.9,0.0000,
2024-10-10 15:45:34.542, 44.65907034, -1.19432191, 47.9,0.0000,
2024-10-10 15:45:34.642, 44.65907034, -1.19432191, 47.9,0.0000,
2024-10-10 15:45:34.742, 44.65907034, -1.19432191, 47.9,0.0000,
2024-10-10 15:45:34.843, 44.65907034, -1.19432191, 47.9,0.0000,
2024-10-10 15:45:34.943, 44.65907034, -1.19432191, 47.9,0.0000,
2024-10-10 15:45:35.042, 44.65907034, -1.19432191, 47.9,0.0000,
2024-10-10 15:45:35.142, 44.65907034, -1.19432191, 47.9,0.0000,
2024-10-10 15:45:35.242, 44.65906981, -1.19431938, 50.9,0.0000,
2024-10-10 15:45:35.343, 44.65906981, -1.19431938, 50.9,0.0000,
2024-10-10 15:45:35.443, 44.65906981, -1.19431938, 50.9,0.0000,
2024-10-10 15:45:35.542, 44.65906981, -1.19431938, 50.9,0.0000,
2024-10-10 15:45:35.642, 44.65906981, -1.19431938, 50.9,0.0000,
2024-10-10 15:45:35.742, 44.65906981, -1.19431938, 50.9,0.0000,
2024-10-10 15:45:35.843, 44.65906981, -1.19431938, 50.9,0.0000,
2024-10-10 15:45:35.943, 44.65906981, -1.19431938, 50.9,0.0000,
2024-10-10 15:45:36.042, 44.65906981, -1.19431938, 50.9,0.0000,
2024-10-10 15:45:36.142, 44.65906981, -1.19431938, 50.9,0.0000,
2024-10-10 15:45:36.242, 44.65906667, -1.19431653, 49.9,0.0000,
2024-10-10 15:45:36.343, 44.65906667, -1.19431653, 49.9,0.0000,
2024-10-10 15:45:36.443, 44.65906667, -1.19431653, 49.9,0.0000,
2024-10-10 15:45:36.542, 44.65906667, -1.19431653, 49.9,0.0000,
2024-10-10 15:45:36.642, 44.65906667, -1.19431653, 49.9,0.0000,
2024-10-10 15:45:36.742, 44.65906667, -1.19431653, 49.9,0.0000,
2024-10-10 15:45:36.843, 44.65906667, -1.19431653, 49.9,0.0000,
2024-10-10 15:45:36.943, 44.65906667, -1.19431653, 49.9,0.0000,
2024-10-10 15:45:37.042, 44.65906667, -1.19431653, 49.9,0.0000,
2024-10-10 15:45:37.142, 44.65906667, -1.19431653, 49.9,0.0000,
2024-10-10 15:45:37.242, 44.65906750, -1.19431913, 48.9,0.0000,
2024-10-10 15:45:37.343, 44.65906750, -1.19431913, 48.9,0.0000,
2024-10-10 15:45:37.443, 44.65906750, -1.19431913, 48.9,0.0000,
2024-10-10 15:45:37.542, 44.65906750, -1.19431913, 48.9,0.0000,
2024-10-10 15:45:37.642, 44.65906750, -1.19431913, 48.9,0.0000,
2024-10-10 15:45:37.742, 44.65906750, -1.19431913, 48.9,0.0000,
2024-10-10 15:45:37.843, 44.65906750, -1.19431913, 48.9,0.0000,
2024-10-10 15:45:37.943, 44.65906750, -1.19431913, 48.9,0.0000,
2024-10-10 15:45:38.042, 44.65906750, -1.19431913, 48.9,0.0000,
2024-10-10 15:45:38.142, 44.65906750, -1.19431913, 48.9,0.0000,
2024-10-10 15:45:38.242, 44.65906678, -1.19432116, 48.9,0.0000,
2024-10-10 15:45:38.343, 44.65906678, -1.19432116, 48.9,0.0000,
2024-10-10 15:45:38.443, 44.65906678, -1.19432116, 48.9,0.0000,
2024-10-10 15:45:38.542, 44.65906678, -1.19432116, 48.9,0.0000,
2024-10-10 15:45:38.642, 44.65906678, -1.19432116, 48.9,0.0000,
2024-10-10 15:45:38.742, 44.65906678, -1.19432116, 48.9,0.0000,
2024-10-10 15:45:38.843, 44.65906678, -1.19432116, 48.9,0.0000,
2024-10-10 15:45:38.943, 44.65906678, -1.19432116, 48.9,0.0000,
2024-10-10 15:45:39.042, 44.65906678, -1.19432116, 48.9,0.0000,
2024-10-10 15:45:39.142, 44.65906678, -1.19432116, 48.9,0.0000,
2024-10-10 15:45:39.242, 44.65906818, -1.19431536, 48.9,0.0000,
2024-10-10 15:45:39.343, 44.65906818, -1.19431536, 48.9,0.0000,
2024-10-10 15:45:39.443, 44.65906818, -1.19431536, 48.9,0.0000,
2024-10-10 15:45:39.542, 44.65906818, -1.19431536, 48.9,0.0000,
2024-10-10 15:45:39.642, 44.65906818, -1.19431536, 48.9,0.0000,
2024-10-10 15:45:39.742, 44.65906818, -1.19431536, 48.9,0.0000,
2024-10-10 15:45:39.843, 44.65906818, -1.19431536, 48.9,0.0000,
2024-10-10 15:45:39.943, 44.65906818, -1.19431536, 48.9,0.0000,
2024-10-10 15:45:40.042, 44.65906818, -1.19431536, 48.9,0.0000,
2024-10-10 15:45:40.142, 44.65906818, -1.19431536, 48.9,0.0000,
2024-10-10 15:45:40.242, 44.65908865, -1.19429381, 48.9,0.0000,
2024-10-10 15:45:40.343, 44.65908865, -1.19429381, 48.9,0.0000,
2024-10-10 15:45:40.443, 44.65908865, -1.19429381, 48.9,0.0000,
2024-10-10 15:45:40.542, 44.65908865, -1.19429381, 48.9,0.0000,
2024-10-10 15:45:40.642, 44.65908865, -1.19429381, 48.9,0.0000,
2024-10-10 15:45:40.742, 44.65908865, -1.19429381, 48.9,0.0000,
2024-10-10 15:45:40.843, 44.65908865, -1.19429381, 48.9,0.0000,
2024-10-10 15:45:40.943, 44.65908865, -1.19429381, 48.9,0.0000,
2024-10-10 15:45:41.042, 44.65908865, -1.19429381, 48.9,0.0000,
2024-10-10 15:45:41.142, 44.65908865, -1.19429381, 48.9,0.0000,
2024-10-10 15:45:41.242, 44.65908875, -1.19429379, 49.9,0.0000,
2024-10-10 15:45:41.343, 44.65908875, -1.19429379, 49.9,0.0000,
2024-10-10 15:45:41.443, 44.65908875, -1.19429379, 49.9,0.0000,
2024-10-10 15:45:41.542, 44.65908875, -1.19429379, 49.9,0.0000,
2024-10-10 15:45:41.642, 44.65908875, -1.19429379, 49.9,0.0000,
2024-10-10 15:45:41.742, 44.65908875, -1.19429379, 49.9,0.0000,
2024-10-10 15:45:41.843, 44.65908875, -1.19429379, 49.9,0.0000,
2024-10-10 15:45:41.943, 44.65908875, -1.19429379, 49.9,0.0000,
2024-10-10 15:45:42.042, 44.65908875, -1.19429379, 49.9,0.0000,
2024-10-10 15:45:42.142, 44.65908875, -1.19429379, 49.9,0.0000,
2024-10-10 15:45:42.242, 44.65909149, -1.19429904, 50.9,0.0000,
2024-10-10 15:45:42.343, 44.65909149, -1.19429904, 50.9,0.0000,
2024-10-10 15:45:42.443, 44.65909149, -1.19429904, 50.9,0.0000,
2024-10-10 15:45:42.542, 44.65909149, -1.19429904, 50.9,0.0000,
2024-10-10 15:45:42.642, 44.65909149, -1.19429904, 50.9,0.0000,
2024-10-10 15:45:42.742, 44.65909149, -1.19429904, 50.9,0.0000,
2024-10-10 15:45:42.843, 44.65909149, -1.19429904, 50.9,0.0000,
2024-10-10 15:45:42.943, 44.65909149, -1.19429904, 50.9,0.0000,
2024-10-10 15:45:43.042, 44.65909149, -1.19429904, 50.9,0.0000,
2024-10-10 15:45:43.142, 44.65909149, -1.19429904, 50.9,0.0000,
2024-10-10 15:45:43.242, 44.65909206, -1.19430072, 50.9,0.0000,
2024-10-10 15:45:43.343, 44.65909206, -1.19430072, 50.9,0.0000,
2024-10-10 15:45:43.443, 44.65909206, -1.19430072, 50.9,0.0000,
2024-10-10 15:45:43.542, 44.65909206, -1.19430072, 50.9,0.0000,
2024-10-10 15:45:43.642, 44.65909206, -1.19430072, 50.9,0.0000,
2024-10-10 15:45:43.742, 44.65909206, -1.19430072, 50.9,0.0000,
2024-10-10 15:45:43.843, 44.65909206, -1.19430072, 50.9,0.0000,
2024-10-10 15:45:43.943, 44.65909206, -1.19430072, 50.9,0.0000,
2024-10-10 15:45:44.042, 44.65909206, -1.19430072, 50.9,0.0000,
2024-10-10 15:45:44.141, 44.65909206, -1.19430072, 50.9,0.0000,
2024-10-10 15:45:44.241, 44.65909169, -1.19430400, 49.9,0.0000,
2024-10-10 15:45:44.341, 44.65909169, -1.19430400, 49.9,0.0000,
2024-10-10 15:45:44.441, 44.65909169, -1.19430400, 49.9,0.0000,
2024-10-10 15:45:44.541, 44.65909169, -1.19430400, 49.9,0.0000,
2024-10-10 15:45:44.641, 44.65909169, -1.19430400, 49.9,0.0000,
2024-10-10 15:45:44.741, 44.65909169, -1.19430400, 49.9,0.0000,
2024-10-10 15:45:44.841, 44.65909169, -1.19430400, 49.9,0.0000,
2024-10-10 15:45:44.941, 44.65909169, -1.19430400, 49.9,0.0000,
2024-10-10 15:45:45.041, 44.65909169, -1.19430400, 49.9,0.0000,
2024-10-10 15:45:45.141, 44.65909169, -1.19430400, 49.9,0.0000,
2024-10-10 15:45:45.241, 44.65909162, -1.19430403, 48.9,0.0000,
2024-10-10 15:45:45.341, 44.65909162, -1.19430403, 48.9,0.0000,
2024-10-10 15:45:45.441, 44.65909162, -1.19430403, 48.9,0.0000,
2024-10-10 15:45:45.541, 44.65909162, -1.19430403, 48.9,0.0000,
2024-10-10 15:45:45.641, 44.65909162, -1.19430403, 48.9,0.0000,
2024-10-10 15:45:45.741, 44.65909162, -1.19430403, 48.9,0.0000,
2024-10-10 15:45:45.841, 44.65909162, -1.19430403, 48.9,0.0000,
2024-10-10 15:45:45.941, 44.65909162, -1.19430403, 48.9,0.0000,
2024-10-10 15:45:46.041, 44.65909162, -1.19430403, 48.9,0.0000,
2024-10-10 15:45:46.141, 44.65909162, -1.19430403, 48.9,0.0000,
2024-10-10 15:45:46.241, 44.65909215, -1.19430340, 51.0,0.0000,
2024-10-10 15:45:46.341, 44.65909215, -1.19430340, 51.0,0.0000,
2024-10-10 15:45:46.441, 44.65909215, -1.19430340, 51.0,0.0000,
2024-10-10 15:45:46.541, 44.65909215, -1.19430340, 51.0,0.0000,
2024-10-10 15:45:46.641, 44.65909215, -1.19430340, 51.0,0.0000,
2024-10-10 15:45:46.741, 44.65909215, -1.19430340, 51.0,0.0000,
2024-10-10 15:45:46.841, 44.65909215, -1.19430340, 51.0,0.0000,
2024-10-10 15:45:46.941, 44.65909215, -1.19430340, 51.0,0.0000,
2024-10-10 15:45:47.041, 44.65909215, -1.19430340, 51.0,0.0000,
2024-10-10 15:45:47.141, 44.65909215, -1.19430340, 51.0,0.0000,
2024-10-10 15:45:47.241, 44.65909216, -1.19430119, 51.0,0.0000,
2024-10-10 15:45:47.341, 44.65909216, -1.19430119, 51.0,0.0000,
2024-10-10 15:45:47.441, 44.65909216, -1.19430119, 51.0,0.0000,
2024-10-10 15:45:47.541, 44.65909216, -1.19430119, 51.0,0.0000,
2024-10-10 15:45:47.641, 44.65909216, -1.19430119, 51.0,0.0000,
2024-10-10 15:45:47.741, 44.65909216, -1.19430119, 51.0,0.0000,
2024-10-10 15:45:47.841, 44.65909216, -1.19430119, 51.0,0.0000,
2024-10-10 15:45:47.941, 44.65909216, -1.19430119, 51.0,0.0000,
2024-10-10 15:45:48.041, 44.65909216, -1.19430119, 51.0,0.0000,
2024-10-10 15:45:48.141, 44.65909216, -1.19430119, 51.0,0.0000,
2024-10-10 15:45:48.241, 44.65908998, -1.19429978, 49.9,0.0000,
2024-10-10 15:45:48.341, 44.65908998, -1.19429978, 49.9,0.0000,
2024-10-10 15:45:48.441, 44.65908998, -1.19429978, 49.9,0.0000,
2024-10-10 15:45:48.541, 44.65908998, -1.19429978, 49.9,0.0000,
2024-10-10 15:45:48.641, 44.65908998, -1.19429978, 49.9,0.0000,
2024-10-10 15:45:48.741, 44.65908998, -1.19429978, 49.9,0.0000,
2024-10-10 15:45:48.841, 44.65908998, -1.19429978, 49.9,0.0000,
2024-10-10 15:45:48.941, 44.65908998, -1.19429978, 49.9,0.0000,
2024-10-10 15:45:49.041, 44.65908998, -1.19429978, 49.9,0.0000,
2024-10-10 15:45:49.141, 44.65908998, -1.19429978, 49.9,0.0000,
2024-10-10 15:45:49.241, 44.65909347, -1.19429508, 49.9,0.0000,
2024-10-10 15:45:49.341, 44.65909347, -1.19429508, 49.9,0.0000,
2024-10-10 15:45:49.441, 44.65909347, -1.19429508, 49.9,0.0000,
2024-10-10 15:45:49.541, 44.65909347, -1.19429508, 49.9,0.0000,
2024-10-10 15:45:49.641, 44.65909347, -1.19429508, 49.9,0.0000,
2024-10-10 15:45:49.741, 44.65909347, -1.19429508, 49.9,0.0000,
2024-10-10 15:45:49.841, 44.65909347, -1.19429508, 49.9,0.0000,
2024-10-10 15:45:49.941, 44.65909347, -1.19429508, 49.9,0.0000,
2024-10-10 15:45:50.041, 44.65909347, -1.19429508, 49.9,0.0000,
2024-10-10 15:45:50.141, 44.65909347, -1.19429508, 49.9,0.0000,
2024-10-10 15:45:50.241, 44.65909237, -1.19429729, 49.9,0.0000,
2024-10-10 15:45:50.341, 44.65909237, -1.19429729, 49.9,0.0000,
2024-10-10 15:45:50.441, 44.65909237, -1.19429729, 49.9,0.0000,
2024-10-10 15:45:50.541, 44.65909237, -1.19429729, 49.9,0.0000,
2024-10-10 15:45:50.641, 44.65909237, -1.19429729, 49.9,0.0000,
2024-10-10 15:45:50.741, 44.65909237, -1.19429729, 49.9,0.0000,
2024-10-10 15:45:50.841, 44.65909237, -1.19429729, 49.9,0.0000,
2024-10-10 15:45:50.941, 44.65909237, -1.19429729, 49.9,0.0000,
2024-10-10 15:45:51.041, 44.65909237, -1.19429729, 49.9,0.0000,
2024-10-10 15:45:51.141, 44.65909237, -1.19429729, 49.9,0.0000,
2024-10-10 15:45:51.241, 44.65909096, -1.19429897, 52.0,0.0000,
2024-10-10 15:45:51.341, 44.65909096, -1.19429897, 52.0,0.0000,
2024-10-10 15:45:51.441, 44.65909096, -1.19429897, 52.0,0.0000,
2024-10-10 15:45:51.541, 44.65909096, -1.19429897, 52.0,0.0000,
2024-10-10 15:45:51.641, 44.65909096, -1.19429897, 52.0,0.0000,
2024-10-10 15:45:51.741, 44.65909096, -1.19429897, 52.0,0.0000,
2024-10-10 15:45:51.841, 44.65909096, -1.19429897, 52.0,0.0000,
2024-10-10 15:45:51.941, 44.65909096, -1.19429897, 52.0,0.0000,
2024-10-10 15:45:52.041, 44.65909096, -1.19429897, 52.0,0.0000,
2024-10-10 15:45:52.141, 44.65909096, -1.19429897, 52.0,0.0000,
2024-10-10 15:45:52.241, 44.65908542, -1.19430050, 54.0,0.0000,
2024-10-10 15:45:52.341, 44.65908542, -1.19430050, 54.0,0.0000,
2024-10-10 15:45:52.441, 44.65908542, -1.19430050, 54.0,0.0000,
2024-10-10 15:45:52.541, 44.65908542, -1.19430050, 54.0,0.0000,
2024-10-10 15:45:52.641, 44.65908542, -1.19430050, 54.0,0.0000,
2024-10-10 15:45:52.741, 44.65908542, -1.19430050, 54.0,0.0000,
2024-10-10 15:45:52.841, 44.65908542, -1.19430050, 54.0,0.0000,
2024-10-10 15:45:52.941, 44.65908542, -1.19430050, 54.0,0.0000,
2024-10-10 15:45:53.041, 44.65908542, -1.19430050, 54.0,0.0000,
2024-10-10 15:45:53.141, 44.65908542, -1.19430050, 54.0,0.0000,
2024-10-10 15:45:53.241, 44.65908534, -1.19430137, 58.3,0.0000,
2024-10-10 15:45:53.341, 44.65908534, -1.19430137, 58.3,0.0000,
2024-10-10 15:45:53.441, 44.65908534, -1.19430137, 58.3,0.0000,
2024-10-10 15:45:53.541, 44.65908534, -1.19430137, 58.3,0.0000,
2024-10-10 15:45:53.641, 44.65908534, -1.19430137, 58.3,0.0000,
2024-10-10 15:45:53.741, 44.65908534, -1.19430137, 58.3,0.0000,
2024-10-10 15:45:53.841, 44.65908534, -1.19430137, 58.3,0.0000,
2024-10-10 15:45:53.941, 44.65908534, -1.19430137, 58.3,0.0000,
2024-10-10 15:45:54.041, 44.65908534, -1.19430137, 58.3,0.0000,
2024-10-10 15:45:54.141, 44.65908534, -1.19430137, 58.3,0.0000,
2024-10-10 15:45:54.241, 44.65908534, -1.19430137, 51.6,0.0000,
2024-10-10 15:45:54.341, 44.65908534, -1.19430137, 51.6,0.0000,
2024-10-10 15:45:54.441, 44.65908534, -1.19430137, 51.6,0.0000,
2024-10-10 15:45:54.541, 44.65908534, -1.19430137, 51.6,0.0000,
2024-10-10 15:45:54.641, 44.65908534, -1.19430137, 51.6,0.0000,
2024-10-10 15:45:54.741, 44.65908534, -1.19430137, 51.6,0.0000,
2024-10-10 15:45:54.841, 44.65908534, -1.19430137, 51.6,0.0000,
2024-10-10 15:45:54.940, 44.65908879, -1.19430097, 50.4,0.0000,
2024-10-10 15:45:55.040, 44.65908879, -1.19430097, 50.4,0.0000,
2024-10-10 15:45:55.140, 44.65908879, -1.19430097, 50.4,0.0000,
2024-10-10 15:45:55.240, 44.65909079, -1.19430332, 51.4,0.0000,
2024-10-10 15:45:55.340, 44.65909079, -1.19430332, 51.4,0.0000,
2024-10-10 15:45:55.440, 44.65909079, -1.19430332, 51.4,0.0000,
2024-10-10 15:45:55.540, 44.65909079, -1.19430332, 51.4,0.0000,
2024-10-10 15:45:55.640, 44.65909079, -1.19430332, 51.4,0.0000,
2024-10-10 15:45:55.740, 44.65909079, -1.19430332, 51.4,0.0000,
2024-10-10 15:45:55.840, 44.65909079, -1.19430332, 51.4,0.0000,
2024-10-10 15:45:55.940, 44.65909079, -1.19430332, 51.4,0.0000,
2024-10-10 15:45:56.040, 44.65909079, -1.19430332, 51.4,0.0000,
2024-10-10 15:45:56.140, 44.65909079, -1.19430332, 51.4,0.0000,
2024-10-10 15:45:56.240, 44.65908993, -1.19430233, 48.1,0.0000,
2024-10-10 15:45:56.340, 44.65908993, -1.19430233, 48.1,0.0000,
2024-10-10 15:45:56.440, 44.65908993, -1.19430233, 48.1,0.0000,
2024-10-10 15:45:56.540, 44.65908993, -1.19430233, 48.1,0.0000,
2024-10-10 15:45:56.640, 44.65908993, -1.19430233, 48.1,0.0000,
2024-10-10 15:45:56.740, 44.65908993, -1.19430233, 48.1,0.0000,
2024-10-10 15:45:56.840, 44.65908993, -1.19430233, 48.1,0.0000,
2024-10-10 15:45:56.940, 44.65908993, -1.19430233, 48.1,0.0000,
2024-10-10 15:45:57.040, 44.65908993, -1.19430233, 48.1,0.0000,
2024-10-10 15:45:57.140, 44.65908993, -1.19430233, 48.1,0.0000,
2024-10-10 15:45:57.240, 44.65908949, -1.19430068, 44.9,0.0000,
2024-10-10 15:45:57.340, 44.65908949, -1.19430068, 44.9,0.0000,
2024-10-10 15:45:57.440, 44.65908949, -1.19430068, 44.9,0.0000,
2024-10-10 15:45:57.540, 44.65908949, -1.19430068, 44.9,0.0000,
2024-10-10 15:45:57.640, 44.65908949, -1.19430068, 44.9,0.0000,
2024-10-10 15:45:57.740, 44.65908949, -1.19430068, 44.9,0.0000,
2024-10-10 15:45:57.840, 44.65908949, -1.19430068, 44.9,0.0000,
2024-10-10 15:45:57.940, 44.65908949, -1.19430068, 44.9,0.0000,
2024-10-10 15:45:58.040, 44.65908949, -1.19430068, 44.9,0.0000,
2024-10-10 15:45:58.140, 44.65908949, -1.19430068, 44.9,0.0000,
2024-10-10 15:45:58.240, 44.65908979, -1.19430267, 43.9,0.0000,
2024-10-10 15:45:58.340, 44.65908979, -1.19430267, 43.9,0.0000,
2024-10-10 15:45:58.440, 44.65908979, -1.19430267, 43.9,0.0000,
2024-10-10 15:45:58.540, 44.65908979, -1.19430267, 43.9,0.0000,
2024-10-10 15:45:58.640, 44.65908979, -1.19430267, 43.9,0.0000,
2024-10-10 15:45:58.740, 44.65908979, -1.19430267, 43.9,0.0000,
2024-10-10 15:45:58.840, 44.65908979, -1.19430267, 43.9,0.0000,
2024-10-10 15:45:58.940, 44.65908979, -1.19430267, 43.9,0.0000,
2024-10-10 15:45:59.040, 44.65908979, -1.19430267, 43.9,0.0000,
2024-10-10 15:45:59.140, 44.65908979, -1.19430267, 43.9,0.0000,
2024-10-10 15:45:59.240, 44.65908713, -1.19429908, 41.9,0.0000,
2024-10-10 15:45:59.340, 44.65908713, -1.19429908, 41.9,0.0000,
2024-10-10 15:45:59.440, 44.65908713, -1.19429908, 41.9,0.0000,
2024-10-10 15:45:59.540, 44.65908713, -1.19429908, 41.9,0.0000,
2024-10-10 15:45:59.640, 44.65908713, -1.19429908, 41.9,0.0000,
2024-10-10 15:45:59.740, 44.65908713, -1.19429908, 41.9,0.0000,
2024-10-10 15:45:59.840, 44.65908713, -1.19429908, 41.9,0.0000,
2024-10-10 15:45:59.940, 44.65908713, -1.19429908, 41.9,0.0000,
2024-10-10 15:46:00.040, 44.65908713, -1.19429908, 41.9,0.0000,
2024-10-10 15:46:00.140, 44.65908713, -1.19429908, 41.9,0.0000,
2024-10-10 15:46:00.240, 44.65908830, -1.19430249, 37.7,0.0000,
2024-10-10 15:46:00.340, 44.65908830, -1.19430249, 37.7,0.0000,
2024-10-10 15:46:00.440, 44.65908830, -1.19430249, 37.7,0.0000,
2024-10-10 15:46:00.540, 44.65908830, -1.19430249, 37.7,0.0000,
2024-10-10 15:46:00.640, 44.65908830, -1.19430249, 37.7,0.0000,
2024-10-10 15:46:00.740, 44.65908830, -1.19430249, 37.7,0.0000,
2024-10-10 15:46:00.840, 44.65908830, -1.19430249, 37.7,0.0000,
2024-10-10 15:46:00.940, 44.65908830, -1.19430249, 37.7,0.0000,
2024-10-10 15:46:01.040, 44.65908830, -1.19430249, 37.7,0.0000,
2024-10-10 15:46:01.140, 44.65908830, -1.19430249, 37.7,0.0000,
2024-10-10 15:46:01.240, 44.65908717, -1.19430285, 36.7,0.0000,
2024-10-10 15:46:01.340, 44.65908717, -1.19430285, 36.7,0.0000,
2024-10-10 15:46:01.440, 44.65908717, -1.19430285, 36.7,0.0000,
2024-10-10 15:46:01.540, 44.65908717, -1.19430285, 36.7,0.0000,
2024-10-10 15:46:01.640, 44.65908717, -1.19430285, 36.7,0.0000,
2024-10-10 15:46:01.740, 44.65908717, -1.19430285, 36.7,0.0000,
2024-10-10 15:46:01.840, 44.65908717, -1.19430285, 36.7,0.0000,
2024-10-10 15:46:01.940, 44.65908717, -1.19430285, 36.7,0.0000,
2024-10-10 15:46:02.040, 44.65908717, -1.19430285, 36.7,0.0000,
2024-10-10 15:46:02.140, 44.65908717, -1.19430285, 36.7,0.0000,
2024-10-10 15:46:02.240, 44.65908568, -1.19430650, 41.2,0.0000,
2024-10-10 15:46:02.340, 44.65908568, -1.19430650, 41.2,0.0000,
2024-10-10 15:46:02.440, 44.65908568, -1.19430650, 41.2,0.0000,
2024-10-10 15:46:02.540, 44.65908568, -1.19430650, 41.2,0.0000,
2024-10-10 15:46:02.640, 44.65908568, -1.19430650, 41.2,0.0000,
2024-10-10 15:46:02.740, 44.65908568, -1.19430650, 41.2,0.0000,
2024-10-10 15:46:02.840, 44.65908568, -1.19430650, 41.2,0.0000,
2024-10-10 15:46:02.940, 44.65908568, -1.19430650, 41.2,0.0000,
2024-10-10 15:46:03.040, 44.65908568, -1.19430650, 41.2,0.0000,
2024-10-10 15:46:03.140, 44.65908568, -1.19430650, 41.2,0.0000,
2024-10-10 15:46:03.240, 44.65908544, -1.19431332, 42.4,0.0000,
2024-10-10 15:46:03.340, 44.65908544, -1.19431332, 42.4,0.0000,
2024-10-10 15:46:03.440, 44.65908544, -1.19431332, 42.4,0.0000,
2024-10-10 15:46:03.540, 44.65908544, -1.19431332, 42.4,0.0000,
2024-10-10 15:46:03.640, 44.65908544, -1.19431332, 42.4,0.0000,
2024-10-10 15:46:03.740, 44.65908544, -1.19431332, 42.4,0.0000,
2024-10-10 15:46:03.840, 44.65908544, -1.19431332, 42.4,0.0000,
2024-10-10 15:46:03.940, 44.65908544, -1.19431332, 42.4,0.0000,
2024-10-10 15:46:04.040, 44.65908544, -1.19431332, 42.4,0.0000,
2024-10-10 15:46:04.140, 44.65908544, -1.19431332, 42.4,0.0000,
2024-10-10 15:46:04.240, 44.65908544, -1.19431332, 40.3,0.0000,
2024-10-10 15:46:04.340, 44.65908544, -1.19431332, 40.3,0.0000,
2024-10-10 15:46:04.440, 44.65908544, -1.19431332, 40.3,0.0000,
2024-10-10 15:46:04.540, 44.65908544, -1.19431332, 40.3,0.0000,
2024-10-10 15:46:04.640, 44.65908544, -1.19431332, 40.3,0.0000,
2024-10-10 15:46:04.740, 44.65908544, -1.19431332, 40.3,0.0000,
2024-10-10 15:46:04.840, 44.65908832, -1.19431453, 40.3,0.0000,
2024-10-10 15:46:04.940, 44.65908832, -1.19431453, 40.3,0.0000,
2024-10-10 15:46:05.040, 44.65908832, -1.19431453, 40.3,0.0000,
2024-10-10 15:46:05.140, 44.65908832, -1.19431453, 40.3,0.0000,
2024-10-10 15:46:05.240, 44.65909121, -1.19431251, 40.3,0.0000,
2024-10-10 15:46:05.340, 44.65909121, -1.19431251, 40.3,0.0000,
2024-10-10 15:46:05.440, 44.65909121, -1.19431251, 40.3,0.0000,
2024-10-10 15:46:05.540, 44.65909121, -1.19431251, 40.3,0.0000,
2024-10-10 15:46:05.640, 44.65909121, -1.19431251, 40.3,0.0000,
2024-10-10 15:46:05.740, 44.65909121, -1.19431251, 40.3,0.0000,
2024-10-10 15:46:05.840, 44.65909121, -1.19431251, 40.3,0.0000,
2024-10-10 15:46:05.940, 44.65909121, -1.19431251, 40.3,0.0000,
2024-10-10 15:46:06.040, 44.65909121, -1.19431251, 40.3,0.0000,
2024-10-10 15:46:06.140, 44.65909121, -1.19431251, 40.3,0.0000,
2024-10-10 15:46:06.240, 44.65909580, -1.19431072, 40.3,0.0000,
2024-10-10 15:46:06.340, 44.65909580, -1.19431072, 40.3,0.0000,
2024-10-10 15:46:06.440, 44.65909580, -1.19431072, 40.3,0.0000,
2024-10-10 15:46:06.540, 44.65909580, -1.19431072, 40.3,0.0000,
2024-10-10 15:46:06.640, 44.65909580, -1.19431072, 40.3,0.0000,
2024-10-10 15:46:06.740, 44.65909580, -1.19431072, 40.3,0.0000,
2024-10-10 15:46:06.840, 44.65909580, -1.19431072, 40.3,0.0000,
2024-10-10 15:46:06.940, 44.65909580, -1.19431072, 40.3,0.0000,
2024-10-10 15:46:07.040, 44.65909580, -1.19431072, 40.3,0.0000,
2024-10-10 15:46:07.140, 44.65909580, -1.19431072, 40.3,0.0000,
2024-10-10 15:46:07.240, 44.65909506, -1.19431044, 43.5,0.0000,
2024-10-10 15:46:07.340, 44.65909506, -1.19431044, 43.5,0.0000,
2024-10-10 15:46:07.440, 44.65909506, -1.19431044, 43.5,0.0000,
2024-10-10 15:46:07.540, 44.65909506, -1.19431044, 43.5,0.0000,
2024-10-10 15:46:07.640, 44.65909506, -1.19431044, 43.5,0.0000,
2024-10-10 15:46:07.740, 44.65909506, -1.19431044, 43.5,0.0000,
2024-10-10 15:46:07.840, 44.65909506, -1.19431044, 43.5,0.0000,
2024-10-10 15:46:07.940, 44.65909506, -1.19431044, 43.5,0.0000,
2024-10-10 15:46:08.040, 44.65909506, -1.19431044, 43.5,0.0000,
2024-10-10 15:46:08.140, 44.65909506, -1.19431044, 43.5,0.0000,
2024-10-10 15:46:08.240, 44.65909498, -1.19430884, 43.5,0.0000,
2024-10-10 15:46:08.340, 44.65909498, -1.19430884, 43.5,0.0000,
2024-10-10 15:46:08.440, 44.65909498, -1.19430884, 43.5,0.0000,
2024-10-10 15:46:08.540, 44.65909498, -1.19430884, 43.5,0.0000,
2024-10-10 15:46:08.640, 44.65909498, -1.19430884, 43.5,0.0000,
2024-10-10 15:46:08.740, 44.65909498, -1.19430884, 43.5,0.0000,
2024-10-10 15:46:08.840, 44.65909498, -1.19430884, 43.5,0.0000,
2024-10-10 15:46:08.940, 44.65909498, -1.19430884, 43.5,0.0000,
2024-10-10 15:46:09.040, 44.65909498, -1.19430884, 43.5,0.0000,
2024-10-10 15:46:09.140, 44.65909498, -1.19430884, 43.5,0.0000,
2024-10-10 15:46:09.240, 44.65909300, -1.19430789, 43.5,0.0000,
2024-10-10 15:46:09.340, 44.65909300, -1.19430789, 43.5,0.0000,
2024-10-10 15:46:09.440, 44.65909300, -1.19430789, 43.5,0.0000,
2024-10-10 15:46:09.540, 44.65909300, -1.19430789, 43.5,0.0000,
2024-10-10 15:46:09.640, 44.65909300, -1.19430789, 43.5,0.0000,
2024-10-10 15:46:09.740, 44.65909300, -1.19430789, 43.5,0.0000,
2024-10-10 15:46:09.840, 44.65909300, -1.19430789, 43.5,0.0000,
2024-10-10 15:46:09.940, 44.65909300, -1.19430789, 43.5,0.0000,
2024-10-10 15:46:10.040, 44.65909300, -1.19430789, 43.5,0.0000,
2024-10-10 15:46:10.140, 44.65909300, -1.19430789, 43.5,0.0000,
2024-10-10 15:46:10.240, 44.65909146, -1.19430706, 46.7,0.0000,
2024-10-10 15:46:10.340, 44.65909146, -1.19430706, 46.7,0.0000,
2024-10-10 15:46:10.440, 44.65909146, -1.19430706, 46.7,0.0000,
2024-10-10 15:46:10.540, 44.65909146, -1.19430706, 46.7,0.0000,
2024-10-10 15:46:10.640, 44.65909146, -1.19430706, 46.7,0.0000,
2024-10-10 15:46:10.740, 44.65909146, -1.19430706, 46.7,0.0000,
2024-10-10 15:46:10.840, 44.65909146, -1.19430706, 46.7,0.0000,
2024-10-10 15:46:10.940, 44.65909146, -1.19430706, 46.7,0.0000,
2024-10-10 15:46:11.040, 44.65909146, -1.19430706, 46.7,0.0000,
2024-10-10 15:46:11.140, 44.65909146, -1.19430706, 46.7,0.0000,
2024-10-10 15:46:11.240, 44.65909227, -1.19430625, 47.5,0.0000,
2024-10-10 15:46:11.340, 44.65909227, -1.19430625, 47.5,0.0000,
2024-10-10 15:46:11.440, 44.65909227, -1.19430625, 47.5,0.0000,
2024-10-10 15:46:11.540, 44.65909227, -1.19430625, 47.5,0.0000,
2024-10-10 15:46:11.640, 44.65909227, -1.19430625, 47.5,0.0000,
2024-10-10 15:46:11.740, 44.65909227, -1.19430625, 47.5,0.0000,
2024-10-10 15:46:11.840, 44.65909227, -1.19430625, 47.5,0.0000,
2024-10-10 15:46:11.940, 44.65909227, -1.19430625, 47.5,0.0000,
2024-10-10 15:46:12.040, 44.65909227, -1.19430625, 47.5,0.0000,
2024-10-10 15:46:12.140, 44.65909227, -1.19430625, 47.5,0.0000,
2024-10-10 15:46:12.240, 44.65909405, -1.19429850, 47.4,0.0000,
2024-10-10 15:46:12.340, 44.65909405, -1.19429850, 47.4,0.0000,
2024-10-10 15:46:12.440, 44.65909405, -1.19429850, 47.4,0.0000,
2024-10-10 15:46:12.540, 44.65909405, -1.19429850, 47.4,0.0000,
2024-10-10 15:46:12.640, 44.65909405, -1.19429850, 47.4,0.0000,
2024-10-10 15:46:12.740, 44.65909405, -1.19429850, 47.4,0.0000,
2024-10-10 15:46:12.840, 44.65909405, -1.19429850, 47.4,0.0000,
2024-10-10 15:46:12.940, 44.65909405, -1.19429850, 47.4,0.0000,
2024-10-10 15:46:13.040, 44.65909405, -1.19429850, 47.4,0.0000,
2024-10-10 15:46:13.140, 44.65909405, -1.19429850, 47.4,0.0000,
2024-10-10 15:46:13.240, 44.65909405, -1.19430067, 43.0,0.0000,
2024-10-10 15:46:13.340, 44.65909405, -1.19430067, 43.0,0.0000,
2024-10-10 15:46:13.440, 44.65909405, -1.19430067, 43.0,0.0000,
2024-10-10 15:46:13.540, 44.65909405, -1.19430067, 43.0,0.0000,
2024-10-10 15:46:13.640, 44.65909405, -1.19430067, 43.0,0.0000,
2024-10-10 15:46:13.740, 44.65909405, -1.19430067, 43.0,0.0000,
2024-10-10 15:46:13.840, 44.65909405, -1.19430067, 43.0,0.0000,
2024-10-10 15:46:13.940, 44.65909405, -1.19430067, 43.0,0.0000,
2024-10-10 15:46:14.040, 44.65909405, -1.19430067, 43.0,0.0000,
2024-10-10 15:46:14.140, 44.65909405, -1.19430067, 43.0,0.0000,
2024-10-10 15:46:14.240, 44.65909405, -1.19430067, 43.0,0.0000,
2024-10-10 15:46:14.340, 44.65909405, -1.19430067, 43.0,0.0000,
2024-10-10 15:46:14.440, 44.65909405, -1.19430067, 43.0,0.0000,
2024-10-10 15:46:14.540, 44.65909405, -1.19430067, 43.0,0.0000,
2024-10-10 15:46:14.640, 44.65909405, -1.19430067, 43.0,0.0000,
2024-10-10 15:46:14.739, 44.65909145, -1.19430071, 42.0,0.0000,
2024-10-10 15:46:14.839, 44.65909145, -1.19430071, 42.0,0.0000,
2024-10-10 15:46:14.940, 44.65909145, -1.19430071, 42.0,0.0000,
2024-10-10 15:46:15.039, 44.65909145, -1.19430071, 42.0,0.0000,
2024-10-10 15:46:15.139, 44.65909145, -1.19430071, 42.0,0.0000,
2024-10-10 15:46:15.239, 44.65909720, -1.19430097, 43.1,0.0000,
2024-10-10 15:46:15.339, 44.65909720, -1.19430097, 43.1,0.0000,
2024-10-10 15:46:15.440, 44.65909720, -1.19430097, 43.1,0.0000,
2024-10-10 15:46:15.539, 44.65909720, -1.19430097, 43.1,0.0000,
2024-10-10 15:46:15.639, 44.65909720, -1.19430097, 43.1,0.0000,
2024-10-10 15:46:15.739, 44.65909720, -1.19430097, 43.1,0.0000,
2024-10-10 15:46:15.839, 44.65909720, -1.19430097, 43.1,0.0000,
2024-10-10 15:46:15.940, 44.65909720, -1.19430097, 43.1,0.0000,
2024-10-10 15:46:16.039, 44.65909720, -1.19430097, 43.1,0.0000,
2024-10-10 15:46:16.139, 44.65909720, -1.19430097, 43.1,0.0000,
2024-10-10 15:46:16.239, 44.65909954, -1.19430496, 44.1,0.0000,
2024-10-10 15:46:16.339, 44.65909954, -1.19430496, 44.1,0.0000,
2024-10-10 15:46:16.440, 44.65909954, -1.19430496, 44.1,0.0000,
2024-10-10 15:46:16.539, 44.65909954, -1.19430496, 44.1,0.0000,
2024-10-10 15:46:16.639, 44.65909954, -1.19430496, 44.1,0.0000,
2024-10-10 15:46:16.739, 44.65909954, -1.19430496, 44.1,0.0000,
2024-10-10 15:46:16.839, 44.65909954, -1.19430496, 44.1,0.0000,
2024-10-10 15:46:16.940, 44.65909954, -1.19430496, 44.1,0.0000,
2024-10-10 15:46:17.039, 44.65909954, -1.19430496, 44.1,0.0000,
2024-10-10 15:46:17.139, 44.65909954, -1.19430496, 44.1,0.0000,
2024-10-10 15:46:17.239, 44.65909785, -1.19430073, 44.1,0.0000,
2024-10-10 15:46:17.339, 44.65909785, -1.19430073, 44.1,0.0000,
2024-10-10 15:46:17.440, 44.65909785, -1.19430073, 44.1,0.0000,
2024-10-10 15:46:17.539, 44.65909785, -1.19430073, 44.1,0.0000,
2024-10-10 15:46:17.639, 44.65909785, -1.19430073, 44.1,0.0000,
2024-10-10 15:46:17.739, 44.65909785, -1.19430073, 44.1,0.0000,
2024-10-10 15:46:17.839, 44.65909785, -1.19430073, 44.1,0.0000,
2024-10-10 15:46:17.940, 44.65909785, -1.19430073, 44.1,0.0000,
2024-10-10 15:46:18.039, 44.65909785, -1.19430073, 44.1,0.0000,
2024-10-10 15:46:18.139, 44.65909785, -1.19430073, 44.1,0.0000,
2024-10-10 15:46:18.239, 44.65909823, -1.19430478, 47.2,0.0000,
2024-10-10 15:46:18.339, 44.65909823, -1.19430478, 47.2,0.0000,
2024-10-10 15:46:18.440, 44.65909823, -1.19430478, 47.2,0.0000,
2024-10-10 15:46:18.539, 44.65909823, -1.19430478, 47.2,0.0000,
2024-10-10 15:46:18.639, 44.65909823, -1.19430478, 47.2,0.0000,
2024-10-10 15:46:18.739, 44.65909823, -1.19430478, 47.2,0.0000,
2024-10-10 15:46:18.839, 44.65909823, -1.19430478, 47.2,0.0000,
2024-10-10 15:46:18.940, 44.65909823, -1.19430478, 47.2,0.0000,
2024-10-10 15:46:19.039, 44.65909823, -1.19430478, 47.2,0.0000,
2024-10-10 15:46:19.139, 44.65909823, -1.19430478, 47.2,0.0000,
2024-10-10 15:46:19.239, 44.65909687, -1.19430553, 47.2,0.0000,
2024-10-10 15:46:19.339, 44.65909687, -1.19430553, 47.2,0.0000,
2024-10-10 15:46:19.440, 44.65909687, -1.19430553, 47.2,0.0000,
2024-10-10 15:46:19.539, 44.65909687, -1.19430553, 47.2,0.0000,
2024-10-10 15:46:19.639, 44.65909687, -1.19430553, 47.2,0.0000,
2024-10-10 15:46:19.739, 44.65909687, -1.19430553, 47.2,0.0000,
2024-10-10 15:46:19.839, 44.65909687, -1.19430553, 47.2,0.0000,
2024-10-10 15:46:19.940, 44.65909687, -1.19430553, 47.2,0.0000,
2024-10-10 15:46:20.039, 44.65909687, -1.19430553, 47.2,0.0000,
2024-10-10 15:46:20.139, 44.65909687, -1.19430553, 47.2,0.0000,
2024-10-10 15:46:20.239, 44.65909486, -1.19430758, 47.2,0.0000,
2024-10-10 15:46:20.339, 44.65909486, -1.19430758, 47.2,0.0000,
2024-10-10 15:46:20.440, 44.65909486, -1.19430758, 47.2,0.0000,
2024-10-10 15:46:20.539, 44.65909486, -1.19430758, 47.2,0.0000,
2024-10-10 15:46:20.639, 44.65909486, -1.19430758, 47.2,0.0000,
2024-10-10 15:46:20.739, 44.65909486, -1.19430758, 47.2,0.0000,
2024-10-10 15:46:20.839, 44.65909486, -1.19430758, 47.2,0.0000,
2024-10-10 15:46:20.940, 44.65909486, -1.19430758, 47.2,0.0000,
2024-10-10 15:46:21.039, 44.65909486, -1.19430758, 47.2,0.0000,
2024-10-10 15:46:21.139, 44.65909486, -1.19430758, 47.2,0.0000,
2024-10-10 15:46:21.239, 44.65909760, -1.19430979, 46.2,0.0000,
2024-10-10 15:46:21.339, 44.65909760, -1.19430979, 46.2,0.0000,
2024-10-10 15:46:21.440, 44.65909760, -1.19430979, 46.2,0.0000,
2024-10-10 15:46:21.539, 44.65909760, -1.19430979, 46.2,0.0000,
2024-10-10 15:46:21.639, 44.65909760, -1.19430979, 46.2,0.0000,
2024-10-10 15:46:21.739, 44.65909760, -1.19430979, 46.2,0.0000,
2024-10-10 15:46:21.839, 44.65909760, -1.19430979, 46.2,0.0000,
2024-10-10 15:46:21.940, 44.65909760, -1.19430979, 46.2,0.0000,
2024-10-10 15:46:22.039, 44.65909760, -1.19430979, 46.2,0.0000,
2024-10-10 15:46:22.139, 44.65909760, -1.19430979, 46.2,0.0000,
2024-10-10 15:46:22.239, 44.65909593, -1.19431018, 45.2,0.0000,
2024-10-10 15:46:22.339, 44.65909593, -1.19431018, 45.2,0.0000,
2024-10-10 15:46:22.440, 44.65909593, -1.19431018, 45.2,0.0000,
2024-10-10 15:46:22.539, 44.65909593, -1.19431018, 45.2,0.0000,
2024-10-10 15:46:22.639, 44.65909593, -1.19431018, 45.2,0.0000,
2024-10-10 15:46:22.739, 44.65909593, -1.19431018, 45.2,0.0000,
2024-10-10 15:46:22.839, 44.65909593, -1.19431018, 45.2,0.0000,
2024-10-10 15:46:22.940, 44.65909593, -1.19431018, 45.2,0.0000,
2024-10-10 15:46:23.039, 44.65909593, -1.19431018, 45.2,0.0000,
2024-10-10 15:46:23.139, 44.65909593, -1.19431018, 45.2,0.0000,
2024-10-10 15:46:23.239, 44.65909375, -1.19431546, 46.3,0.0000,
2024-10-10 15:46:23.339, 44.65909375, -1.19431546, 46.3,0.0000,
2024-10-10 15:46:23.440, 44.65909375, -1.19431546, 46.3,0.0000,
2024-10-10 15:46:23.539, 44.65909375, -1.19431546, 46.3,0.0000,
2024-10-10 15:46:23.639, 44.65909375, -1.19431546, 46.3,0.0000,
2024-10-10 15:46:23.739, 44.65909375, -1.19431546, 46.3,0.0000,
2024-10-10 15:46:23.839, 44.65909375, -1.19431546, 46.3,0.0000,
2024-10-10 15:46:23.940, 44.65909375, -1.19431546, 46.3,0.0000,
2024-10-10 15:46:24.039, 44.65909375, -1.19431546, 46.3,0.0000,
2024-10-10 15:46:24.139, 44.65909375, -1.19431546, 46.3,0.0000,
2024-10-10 15:46:24.239, 44.65909375, -1.19431546, 47.4,0.0000,
2024-10-10 15:46:24.339, 44.65909375, -1.19431546, 47.4,0.0000,
2024-10-10 15:46:24.440, 44.65909375, -1.19431546, 47.4,0.0000,
2024-10-10 15:46:24.539, 44.65909375, -1.19431546, 47.4,0.0000,
2024-10-10 15:46:24.639, 44.65909446, -1.19431161, 47.4,0.0000,
2024-10-10 15:46:24.739, 44.65909446, -1.19431161, 47.4,0.0000,
2024-10-10 15:46:24.839, 44.65909446, -1.19431161, 47.4,0.0000,
2024-10-10 15:46:24.939, 44.65909446, -1.19431161, 47.4,0.0000,
2024-10-10 15:46:25.039, 44.65909446, -1.19431161, 47.4,0.0000,
2024-10-10 15:46:25.139, 44.65909446, -1.19431161, 47.4,0.0000,
2024-10-10 15:46:25.239, 44.65909472, -1.19431080, 50.5,0.0000,
2024-10-10 15:46:25.339, 44.65909472, -1.19431080, 50.5,0.0000,
2024-10-10 15:46:25.439, 44.65909472, -1.19431080, 50.5,0.0000,
2024-10-10 15:46:25.539, 44.65909472, -1.19431080, 50.5,0.0000,
2024-10-10 15:46:25.639, 44.65909472, -1.19431080, 50.5,0.0000,
2024-10-10 15:46:25.739, 44.65909472, -1.19431080, 50.5,0.0000,
2024-10-10 15:46:25.839, 44.65909472, -1.19431080, 50.5,0.0000,
2024-10-10 15:46:25.939, 44.65909472, -1.19431080, 50.5,0.0000,
2024-10-10 15:46:26.039, 44.65909472, -1.19431080, 50.5,0.0000,
2024-10-10 15:46:26.139, 44.65909472, -1.19431080, 50.5,0.0000,
2024-10-10 15:46:26.239, 44.65909252, -1.19431003, 49.3,0.0000,
2024-10-10 15:46:26.339, 44.65909252, -1.19431003, 49.3,0.0000,
2024-10-10 15:46:26.439, 44.65909252, -1.19431003, 49.3,0.0000,
2024-10-10 15:46:26.539, 44.65909252, -1.19431003, 49.3,0.0000,
2024-10-10 15:46:26.639, 44.65909252, -1.19431003, 49.3,0.0000,
2024-10-10 15:46:26.739, 44.65909252, -1.19431003, 49.3,0.0000,
2024-10-10 15:46:26.839, 44.65909252, -1.19431003, 49.3,0.0000,
2024-10-10 15:46:26.939, 44.65909252, -1.19431003, 49.3,0.0000,
2024-10-10 15:46:27.039, 44.65909252, -1.19431003, 49.3,0.0000,
2024-10-10 15:46:27.139, 44.65909252, -1.19431003, 49.3,0.0000,
2024-10-10 15:46:27.239, 44.65909081, -1.19430859, 49.4,0.0000,
2024-10-10 15:46:27.339, 44.65909081, -1.19430859, 49.4,0.0000,
2024-10-10 15:46:27.439, 44.65909081, -1.19430859, 49.4,0.0000,
2024-10-10 15:46:27.539, 44.65909081, -1.19430859, 49.4,0.0000,
2024-10-10 15:46:27.639, 44.65909081, -1.19430859, 49.4,0.0000,
2024-10-10 15:46:27.739, 44.65909081, -1.19430859, 49.4,0.0000,
2024-10-10 15:46:27.839, 44.65909081, -1.19430859, 49.4,0.0000,
2024-10-10 15:46:27.939, 44.65909081, -1.19430859, 49.4,0.0000,
2024-10-10 15:46:28.039, 44.65909081, -1.19430859, 49.4,0.0000,
2024-10-10 15:46:28.139, 44.65909081, -1.19430859, 49.4,0.0000,
2024-10-10 15:46:28.239, 44.65908906, -1.19430945, 49.4,0.0000,
2024-10-10 15:46:28.339, 44.65908906, -1.19430945, 49.4,0.0000,
2024-10-10 15:46:28.439, 44.65908906, -1.19430945, 49.4,0.0000,
2024-10-10 15:46:28.539, 44.65908906, -1.19430945, 49.4,0.0000,
2024-10-10 15:46:28.639, 44.65908906, -1.19430945, 49.4,0.0000,
2024-10-10 15:46:28.739, 44.65908906, -1.19430945, 49.4,0.0000,
2024-10-10 15:46:28.839, 44.65908906, -1.19430945, 49.4,0.0000,
2024-10-10 15:46:28.939, 44.65908906, -1.19430945, 49.4,0.0000,
2024-10-10 15:46:29.039, 44.65908906, -1.19430945, 49.4,0.0000,
2024-10-10 15:46:29.139, 44.65908906, -1.19430945, 49.4,0.0000,
2024-10-10 15:46:29.239, 44.65908500, -1.19430991, 47.3,0.0000,
2024-10-10 15:46:29.339, 44.65908500, -1.19430991, 47.3,0.0000,
2024-10-10 15:46:29.439, 44.65908500, -1.19430991, 47.3,0.0000,
2024-10-10 15:46:29.539, 44.65908500, -1.19430991, 47.3,0.0000,
2024-10-10 15:46:29.639, 44.65908500, -1.19430991, 47.3,0.0000,
2024-10-10 15:46:29.739, 44.65908500, -1.19430991, 47.3,0.0000,
2024-10-10 15:46:29.839, 44.65908500, -1.19430991, 47.3,0.0000,
2024-10-10 15:46:29.939, 44.65908500, -1.19430991, 47.3,0.0000,
2024-10-10 15:46:30.039, 44.65908500, -1.19430991, 47.3,0.0000,
2024-10-10 15:46:30.139, 44.65908500, -1.19430991, 47.3,0.0000,
2024-10-10 15:46:30.239, 44.65908310, -1.19431086, 47.3,0.0000,
2024-10-10 15:46:30.339, 44.65908310, -1.19431086, 47.3,0.0000,
2024-10-10 15:46:30.439, 44.65908310, -1.19431086, 47.3,0.0000,
2024-10-10 15:46:30.539, 44.65908310, -1.19431086, 47.3,0.0000,
2024-10-10 15:46:30.639, 44.65908310, -1.19431086, 47.3,0.0000,
2024-10-10 15:46:30.739, 44.65908310, -1.19431086, 47.3,0.0000,
2024-10-10 15:46:30.839, 44.65908310, -1.19431086, 47.3,0.0000,
2024-10-10 15:46:30.939, 44.65908310, -1.19431086, 47.3,0.0000,
2024-10-10 15:46:31.039, 44.65908310, -1.19431086, 47.3,0.0000,
2024-10-10 15:46:31.139, 44.65908310, -1.19431086, 47.3,0.0000,
2024-10-10 15:46:31.239, 44.65908032, -1.19431092, 46.3,0.0000,
2024-10-10 15:46:31.339, 44.65908032, -1.19431092, 46.3,0.0000,
2024-10-10 15:46:31.439, 44.65908032, -1.19431092, 46.3,0.0000,
2024-10-10 15:46:31.539, 44.65908032, -1.19431092, 46.3,0.0000,
2024-10-10 15:46:31.639, 44.65908032, -1.19431092, 46.3,0.0000,
2024-10-10 15:46:31.739, 44.65908032, -1.19431092, 46.3,0.0000,
2024-10-10 15:46:31.839, 44.65908032, -1.19431092, 46.3,0.0000,
2024-10-10 15:46:31.939, 44.65908032, -1.19431092, 46.3,0.0000,
2024-10-10 15:46:32.039, 44.65908032, -1.19431092, 46.3,0.0000,
2024-10-10 15:46:32.139, 44.65908032, -1.19431092, 46.3,0.0000,
2024-10-10 15:46:32.239, 44.65908347, -1.19431017, 39.8,0.0000,
2024-10-10 15:46:32.339, 44.65908347, -1.19431017, 39.8,0.0000,
2024-10-10 15:46:32.439, 44.65908347, -1.19431017, 39.8,0.0000,
2024-10-10 15:46:32.539, 44.65908347, -1.19431017, 39.8,0.0000,
2024-10-10 15:46:32.639, 44.65908347, -1.19431017, 39.8,0.0000,
2024-10-10 15:46:32.739, 44.65908347, -1.19431017, 39.8,0.0000,
2024-10-10 15:46:32.839, 44.65908347, -1.19431017, 39.8,0.0000,
2024-10-10 15:46:32.939, 44.65908347, -1.19431017, 39.8,0.0000,
2024-10-10 15:46:33.039, 44.65908347, -1.19431017, 39.8,0.0000,
2024-10-10 15:46:33.139, 44.65908347, -1.19431017, 39.8,0.0000,
2024-10-10 15:46:33.239, 44.65908216, -1.19431045, 35.4,0.0000,
2024-10-10 15:46:33.339, 44.65908216, -1.19431045, 35.4,0.0000,
2024-10-10 15:46:33.439, 44.65908216, -1.19431045, 35.4,0.0000,
2024-10-10 15:46:33.539, 44.65908216, -1.19431045, 35.4,0.0000,
2024-10-10 15:46:33.639, 44.65908216, -1.19431045, 35.4,0.0000,
2024-10-10 15:46:33.739, 44.65908216, -1.19431045, 35.4,0.0000,
2024-10-10 15:46:33.839, 44.65908216, -1.19431045, 35.4,0.0000,
2024-10-10 15:46:33.939, 44.65908216, -1.19431045, 35.4,0.0000,
2024-10-10 15:46:34.039, 44.65908216, -1.19431045, 35.4,0.0000,
2024-10-10 15:46:34.139, 44.65908216, -1.19431045, 35.4,0.0000,
2024-10-10 15:46:34.239, 44.65908216, -1.19431045, 40.0,0.0000,
2024-10-10 15:46:34.339, 44.65908216, -1.19431045, 40.0,0.0000,
2024-10-10 15:46:34.439, 44.65908216, -1.19431045, 40.0,0.0000,
2024-10-10 15:46:34.538, 44.65908764, -1.19430708, 40.0,0.0000,
2024-10-10 15:46:34.639, 44.65908764, -1.19430708, 40.0,0.0000,
2024-10-10 15:46:34.739, 44.65908764, -1.19430708, 40.0,0.0000,
2024-10-10 15:46:34.838, 44.65908764, -1.19430708, 40.0,0.0000,
2024-10-10 15:46:34.938, 44.65908764, -1.19430708, 40.0,0.0000,
2024-10-10 15:46:35.038, 44.65908764, -1.19430708, 40.0,0.0000,
2024-10-10 15:46:35.139, 44.65908764, -1.19430708, 40.0,0.0000,
2024-10-10 15:46:35.239, 44.65909307, -1.19430535, 40.2,0.0000,
2024-10-10 15:46:35.338, 44.65909307, -1.19430535, 40.2,0.0000,
2024-10-10 15:46:35.438, 44.65909307, -1.19430535, 40.2,0.0000,
2024-10-10 15:46:35.538, 44.65909307, -1.19430535, 40.2,0.0000,
2024-10-10 15:46:35.639, 44.65909307, -1.19430535, 40.2,0.0000,
2024-10-10 15:46:35.739, 44.65909307, -1.19430535, 40.2,0.0000,
2024-10-10 15:46:35.838, 44.65909307, -1.19430535, 40.2,0.0000,
2024-10-10 15:46:35.938, 44.65909307, -1.19430535, 40.2,0.0000,
2024-10-10 15:46:36.038, 44.65909307, -1.19430535, 40.2,0.0000,
2024-10-10 15:46:36.139, 44.65909307, -1.19430535, 40.2,0.0000,
2024-10-10 15:46:36.239, 44.65909072, -1.19430278, 58.0,0.0000,
2024-10-10 15:46:36.338, 44.65909072, -1.19430278, 58.0,0.0000,
2024-10-10 15:46:36.438, 44.65909072, -1.19430278, 58.0,0.0000,
2024-10-10 15:46:36.538, 44.65909072, -1.19430278, 58.0,0.0000,
2024-10-10 15:46:36.639, 44.65909072, -1.19430278, 58.0,0.0000,
2024-10-10 15:46:36.739, 44.65909072, -1.19430278, 58.0,0.0000,
2024-10-10 15:46:36.838, 44.65909072, -1.19430278, 58.0,0.0000,
2024-10-10 15:46:36.938, 44.65909072, -1.19430278, 58.0,0.0000,
2024-10-10 15:46:37.038, 44.65909072, -1.19430278, 58.0,0.0000,
2024-10-10 15:46:37.139, 44.65909072, -1.19430278, 58.0,0.0000,
2024-10-10 15:46:37.239, 44.65909600, -1.19429974, 55.5,0.0000,
2024-10-10 15:46:37.338, 44.65909600, -1.19429974, 55.5,0.0000,
2024-10-10 15:46:37.438, 44.65909600, -1.19429974, 55.5,0.0000,
2024-10-10 15:46:37.538, 44.65909600, -1.19429974, 55.5,0.0000,
2024-10-10 15:46:37.639, 44.65909600, -1.19429974, 55.5,0.0000,
2024-10-10 15:46:37.739, 44.65909600, -1.19429974, 55.5,0.0000,
2024-10-10 15:46:37.838, 44.65909600, -1.19429974, 55.5,0.0000,
2024-10-10 15:46:37.938, 44.65909600, -1.19429974, 55.5,0.0000,
2024-10-10 15:46:38.038, 44.65909600, -1.19429974, 55.5,0.0000,
2024-10-10 15:46:38.139, 44.65909600, -1.19429974, 55.5,0.0000,
2024-10-10 15:46:38.239, 44.65909673, -1.19429740, 54.5,0.0000,
2024-10-10 15:46:38.338, 44.65909673, -1.19429740, 54.5,0.0000,
2024-10-10 15:46:38.438, 44.65909673, -1.19429740, 54.5,0.0000,
2024-10-10 15:46:38.538, 44.65909673, -1.19429740, 54.5,0.0000,
2024-10-10 15:46:38.639, 44.65909673, -1.19429740, 54.5,0.0000,
2024-10-10 15:46:38.739, 44.65909673, -1.19429740, 54.5,0.0000,
2024-10-10 15:46:38.838, 44.65909673, -1.19429740, 54.5,0.0000,
2024-10-10 15:46:38.938, 44.65909673, -1.19429740, 54.5,0.0000,
2024-10-10 15:46:39.038, 44.65909673, -1.19429740, 54.5,0.0000,
2024-10-10 15:46:39.139, 44.65909673, -1.19429740, 54.5,0.0000,
2024-10-10 15:46:39.239, 44.65909277, -1.19429745, 48.4,0.0000,
2024-10-10 15:46:39.338, 44.65909277, -1.19429745, 48.4,0.0000,
2024-10-10 15:46:39.438, 44.65909277, -1.19429745, 48.4,0.0000,
2024-10-10 15:46:39.538, 44.65909277, -1.19429745, 48.4,0.0000,
2024-10-10 15:46:39.639, 44.65909277, -1.19429745, 48.4,0.0000,
2024-10-10 15:46:39.739, 44.65909277, -1.19429745, 48.4,0.0000,
2024-10-10 15:46:39.838, 44.65909277, -1.19429745, 48.4,0.0000,
2024-10-10 15:46:39.938, 44.65909277, -1.19429745, 48.4,0.0000,
2024-10-10 15:46:40.038, 44.65909277, -1.19429745, 48.4,0.0000,
2024-10-10 15:46:40.139, 44.65909277, -1.19429745, 48.4,0.0000,
2024-10-10 15:46:40.239, 44.65909125, -1.19430141, 44.4,0.0000,
2024-10-10 15:46:40.338, 44.65909125, -1.19430141, 44.4,0.0000,
2024-10-10 15:46:40.438, 44.65909125, -1.19430141, 44.4,0.0000,
2024-10-10 15:46:40.538, 44.65909125, -1.19430141, 44.4,0.0000,
2024-10-10 15:46:40.639, 44.65909125, -1.19430141, 44.4,0.0000,
2024-10-10 15:46:40.739, 44.65909125, -1.19430141, 44.4,0.0000,
2024-10-10 15:46:40.838, 44.65909125, -1.19430141, 44.4,0.0000,
2024-10-10 15:46:40.938, 44.65909125, -1.19430141, 44.4,0.0000,
2024-10-10 15:46:41.038, 44.65909125, -1.19430141, 44.4,0.0000,
2024-10-10 15:46:41.139, 44.65909125, -1.19430141, 44.4,0.0000,
2024-10-10 15:46:41.239, 44.65909057, -1.19429892, 89.1,0.0000,
2024-10-10 15:46:41.338, 44.65909057, -1.19429892, 89.1,0.0000,
2024-10-10 15:46:41.438, 44.65909057, -1.19429892, 89.1,0.0000,
2024-10-10 15:46:41.538, 44.65909057, -1.19429892, 89.1,0.0000,
2024-10-10 15:46:41.639, 44.65909057, -1.19429892, 89.1,0.0000,
2024-10-10 15:46:41.739, 44.65909057, -1.19429892, 89.1,0.0000,
2024-10-10 15:46:41.838, 44.65909057, -1.19429892, 89.1,0.0000,
2024-10-10 15:46:41.938, 44.65909057, -1.19429892, 89.1,0.0000,
2024-10-10 15:46:42.038, 44.65909057, -1.19429892, 89.1,0.0000,
2024-10-10 15:46:42.139, 44.65909057, -1.19429892, 89.1,0.0000,
2024-10-10 15:46:42.239, 44.65908785, -1.19429798, 90.1,0.0000,
2024-10-10 15:46:42.338, 44.65908785, -1.19429798, 90.1,0.0000,
2024-10-10 15:46:42.438, 44.65908785, -1.19429798, 90.1,0.0000,
2024-10-10 15:46:42.538, 44.65908785, -1.19429798, 90.1,0.0000,
2024-10-10 15:46:42.639, 44.65908785, -1.19429798, 90.1,0.0000,
2024-10-10 15:46:42.739, 44.65908785, -1.19429798, 90.1,0.0000,
2024-10-10 15:46:42.838, 44.65908785, -1.19429798, 90.1,0.0000,
2024-10-10 15:46:42.938, 44.65908785, -1.19429798, 90.1,0.0000,
2024-10-10 15:46:43.038, 44.65908785, -1.19429798, 90.1,0.0000,
2024-10-10 15:46:43.139, 44.65908785, -1.19429798, 90.1,0.0000,
2024-10-10 15:46:43.239, 44.65908526, -1.19429628,112.5,0.0000,
2024-10-10 15:46:43.338, 44.65908526, -1.19429628,112.5,0.0000,
2024-10-10 15:46:43.438, 44.65908526, -1.19429628,112.5,0.0000,
2024-10-10 15:46:43.538, 44.65908526, -1.19429628,112.5,0.0000,
2024-10-10 15:46:43.639, 44.65908526, -1.19429628,112.5,0.0000,
2024-10-10 15:46:43.739, 44.65908526, -1.19429628,112.5,0.0000,
2024-10-10 15:46:43.838, 44.65908526, -1.19429628,112.5,0.0000,
2024-10-10 15:46:43.938, 44.65908526, -1.19429628,112.5,0.0000,
2024-10-10 15:46:44.038, 44.65908526, -1.19429628,112.5,0.0000,
2024-10-10 15:46:44.139, 44.65908526, -1.19429628,112.5,0.0000,
2024-10-10 15:46:44.239, 44.65908526, -1.19429628, 82.6,0.0000,
2024-10-10 15:46:44.338, 44.65908526, -1.19429628, 82.6,0.0000,
2024-10-10 15:46:44.438, 44.65908526, -1.19429628, 82.6,0.0000,
2024-10-10 15:46:44.538, 44.65907923, -1.19430230, 79.1,0.0000,
2024-10-10 15:46:44.638, 44.65907923, -1.19430230, 79.1,0.0000,
2024-10-10 15:46:44.738, 44.65907923, -1.19430230, 79.1,0.0000,
2024-10-10 15:46:44.838, 44.65907923, -1.19430230, 79.1,0.0000,
2024-10-10 15:46:44.938, 44.65907923, -1.19430230, 79.1,0.0000,
2024-10-10 15:46:45.038, 44.65907923, -1.19430230, 79.1,0.0000,
2024-10-10 15:46:45.138, 44.65907923, -1.19430230, 79.1,0.0000,
2024-10-10 15:46:45.238, 44.65908836, -1.19430535, 68.8,0.0000,
2024-10-10 15:46:45.338, 44.65908836, -1.19430535, 68.8,0.0000,
2024-10-10 15:46:45.438, 44.65908836, -1.19430535, 68.8,0.0000,
2024-10-10 15:46:45.538, 44.65908836, -1.19430535, 68.8,0.0000,
2024-10-10 15:46:45.638, 44.65908836, -1.19430535, 68.8,0.0000,
2024-10-10 15:46:45.738, 44.65908836, -1.19430535, 68.8,0.0000,
2024-10-10 15:46:45.838, 44.65908836, -1.19430535, 68.8,0.0000,
2024-10-10 15:46:45.938, 44.65908836, -1.19430535, 68.8,0.0000,
2024-10-10 15:46:46.038, 44.65908836, -1.19430535, 68.8,0.0000,
2024-10-10 15:46:46.138, 44.65908836, -1.19430535, 68.8,0.0000,
2024-10-10 15:46:46.238, 44.65909036, -1.19430521, 72.9,0.0000,
2024-10-10 15:46:46.338, 44.65909036, -1.19430521, 72.9,0.0000,
2024-10-10 15:46:46.438, 44.65909036, -1.19430521, 72.9,0.0000,
2024-10-10 15:46:46.538, 44.65909036, -1.19430521, 72.9,0.0000,
2024-10-10 15:46:46.638, 44.65909036, -1.19430521, 72.9,0.0000,
2024-10-10 15:46:46.738, 44.65909036, -1.19430521, 72.9,0.0000,
2024-10-10 15:46:46.838, 44.65909036, -1.19430521, 72.9,0.0000,
2024-10-10 15:46:46.938, 44.65909036, -1.19430521, 72.9,0.0000,
2024-10-10 15:46:47.038, 44.65909036, -1.19430521, 72.9,0.0000,
2024-10-10 15:46:47.138, 44.65909036, -1.19430521, 72.9,0.0000,
2024-10-10 15:46:47.238, 44.65909036, -1.19430521, 64.4,0.0000,
2024-10-10 15:46:47.338, 44.65909036, -1.19430521, 64.4,0.0000,
